{
    "fuel": {
        "900": {
            "BETA_EFF": [
                0.000220594,
                0.000471935,
                0.000397033,
                0.000574343,
                0.000810434,
                0.0001156,
                0.000167114,
                3.01458e-05
            ],
            "CHI_D": [
                0.140136,
                0.854835,
                0.0050288,
                0.0
            ],
            "CHI_P": [
                0.76998,
                0.229859,
                0.00016092,
                0.0
            ],
            "CHI_T": [
                0.768247,
                0.231578,
                0.000174396,
                0.0
            ],
            "DECAY_CONSTANT": [
                0.0124667,
                0.0282917,
                0.0425244,
                0.133042,
                0.292467,
                0.666488,
                1.63478,
                3.5546
            ],
            "DIFFCOEF": [
                1.91602,
                1.02859,
                1.14344,
                1.0693
            ],
            "FISSE": [
                197.673,
                199.273,
                199.273,
                199.273
            ],
            "FISSXS": [
                0.000498146,
                0.000244852,
                0.00699555,
                0.0238119
            ],
            "GTRANSFXS": [
                0.189487,
                0.0370474,
                5.7664e-06,
                0.0,
                0.0,
                0.356651,
                0.00522788,
                0.0,
                0.0,
                0.0,
                0.280584,
                0.00438426,
                0.0,
                0.0,
                0.000872892,
                0.283729
            ],
            "NSF": [
                0.0012417,
                0.000613241,
                0.017405,
                0.0592372
            ],
            "RECIPVEL": [
                5.52917e-10,
                3.28175e-09,
                1.96917e-07,
                2.14253e-06
            ],
            "REMXS": [
                0.0383377,
                0.00695782,
                0.0229385,
                0.0406606
            ]
        },
        "901": {
            "BETA_EFF": [
                0.000220594,
                0.000471935,
                0.000397033,
                0.000574343,
                0.000810434,
                0.0001156,
                0.000167114,
                3.01458e-05
            ],
            "CHI_D": [
                0.140136,
                0.854835,
                0.0050288,
                0.0
            ],
            "CHI_P": [
                0.76998,
                0.229859,
                0.00016092,
                0.0
            ],
            "CHI_T": [
                0.768247,
                0.231578,
                0.000174396,
                0.0
            ],
            "DECAY_CONSTANT": [
                0.0124667,
                0.0282917,
                0.0425244,
                0.133042,
                0.292467,
                0.666488,
                1.63478,
                3.5546
            ],
            "DIFFCOEF": [
                1.91602,
                1.02859,
                1.14344,
                1.0693
            ],
            "FISSE": [
                197.673,
                199.273,
                199.273,
                199.273
            ],
            "FISSXS": [
                0.000498146,
                0.000244852,
                0.00699555,
                0.0238119
            ],
            "GTRANSFXS": [
                0.189487,
                0.0370474,
                5.7664e-06,
                0.0,
                0.0,
                0.356651,
                0.00522788,
                0.0,
                0.0,
                0.0,
                0.280584,
                0.00438426,
                0.0,
                0.0,
                0.000872892,
                0.283729
            ],
            "NSF": [
                0.0012417,
                0.000613241,
                0.017405,
                0.0592372
            ],
            "RECIPVEL": [
                5.52917e-10,
                3.28175e-09,
                1.96917e-07,
                2.14253e-06
            ],
            "REMXS": [
                0.0383377,
                0.00695782,
                0.0229385,
                0.0406606
            ]
        },
        "temp": [
            900,
            901
        ]
    },
    "moder": {
        "900": {
            "BETA_EFF": [
                0.0,
                0.0,
                0.0,
                0.0,
                0.0,
                0.0,
                0.0,
                0.0
            ],
            "CHI_D": [
                0.0,
                0.0,
                0.0,
                0.0
            ],
            "CHI_P": [
                0.0,
                0.0,
                0.0,
                0.0
            ],
            "CHI_T": [
                0.0,
                0.0,
                0.0,
                0.0
            ],
            "DECAY_CONSTANT": [
                0.0,
                0.0,
                0.0,
                0.0,
                0.0,
                0.0,
                0.0,
                0.0
            ],
            "DIFFCOEF": [
                2.01171,
                0.939359,
                0.807068,
                0.761806
            ],
            "FISSE": [
                0.0,
                0.0,
                0.0,
                0.0
            ],
            "FISSXS": [
                0.0,
                0.0,
                0.0,
                0.0
            ],
            "GTRANSFXS": [
                0.164099,
                0.028503,
                1.97475e-08,
                0.0,
                0.0,
                0.378596,
                0.0129815,
                0.0,
                0.0,
                0.0,
                0.428704,
                0.0086959,
                0.0,
                0.0,
                0.00134702,
                0.448084
            ],
            "NSF": [
                0.0,
                0.0,
                0.0,
                0.0
            ],
            "RECIPVEL": [
                5.70342e-10,
                3.45751e-09,
                1.99159e-07,
                2.18342e-06
            ],
            "REMXS": [
                0.0285591,
                0.0129816,
                0.00870994,
                0.00149734
            ]
        },
        "901": {
            "BETA_EFF": [
                0.0,
                0.0,
                0.0,
                0.0,
                0.0,
                0.0,
                0.0,
                0.0
            ],
            "CHI_D": [
                0.0,
                0.0,
                0.0,
                0.0
            ],
            "CHI_P": [
                0.0,
                0.0,
                0.0,
                0.0
            ],
            "CHI_T": [
                0.0,
                0.0,
                0.0,
                0.0
            ],
            "DECAY_CONSTANT": [
                0.0,
                0.0,
                0.0,
                0.0,
                0.0,
                0.0,
                0.0,
                0.0
            ],
            "DIFFCOEF": [
                2.01171,
                0.939359,
                0.807068,
                0.761806
            ],
            "FISSE": [
                0.0,
                0.0,
                0.0,
                0.0
            ],
            "FISSXS": [
                0.0,
                0.0,
                0.0,
                0.0
            ],